<?xml version="1.0" encoding="utf-8"?>
<extension version="2.5" type="component" method="upgrade">
	<name>MDContact</name>
	<creationDate>23-03-2013</creationDate>
	<author>Martijn Hiddink</author>
	<authorEmail>support@mardinkwebdesign.com</authorEmail>
	<authorUrl>http://www.mardinkwebdesign.com</authorUrl>
	<copyright>Copyright (c)2013 Martijn Hiddink / Mardink Webdesign</copyright>
	<license>GNU GPL v2 or later</license>
	<version>1.0.0</version>
	<description>MdContact is a simple contact form for joomla!</description>

	<!-- Public front end files -->
	<files folder="frontend">
		<filename>index.html</filename>
		<filename>mdcontact.php</filename>
		<folder>controllers</folder>
		<folder>views</folder>
	</files>

	<!-- Front end translation files -->
	<languages folder="language/frontend">
		<language tag="en-GB">en-GB/en-GB.com_mdcontact.ini</language>
	</languages>

	<!-- SQL query files to execute on installation -->
	<install>
		<sql>
			<file driver="mysql" charset="utf8">sql/install/mysql/install.sql</file>
			<file driver="mysql">sql/install/mysql/install.sql</file>
			<file driver="mysqli" charset="utf8">sql/install/mysql/install.sql</file>
			<file driver="mysqli">sql/install/mysql/install.sql</file>
		</sql>
	</install>

	<!-- SQL query files to execute on uninstallation -->
	<uninstall>
		<sql>
			<file driver="mysql" charset="utf8">sql/install/mysql/uninstall.sql</file>
			<file driver="mysql">sql/install/mysql/uninstall.sql</file>
			<file driver="mysqli" charset="utf8">sql/install/mysql/uninstall.sql</file>
			<file driver="mysqli">sql/install/mysql/uninstall.sql</file>
		</sql>
	</uninstall>
	
	<!-- SQL files to run on update -->
	<update>
		<schemas>
			<schemapath type="mysql">sql/updates/mysql</schemapath>
		</schemas>
	</update>
	
	<!-- Media files -->
	<media destination="com_mdcontact" folder="media">
		<folder>css</folder>
		<folder>images</folder>
		<folder>js</folder>
	</media>

	<!-- Administrator back-end section -->
	<administration>
		<!-- Administration menu -->
		<menu view="cpanel"
			img="../media/com_mdcontact/images/mdcontact-16.png">MDContact</menu>

		<!-- Back-end files -->
		<files folder="backend">
			<folder>fields</folder>
			<folder>liveupdate</folder>
			<folder>sql</folder>
			<folder>views</folder>
			<filename>access.xml</filename>
			<filename>config.xml</filename>
			<filename>dispatcher.php</filename>
			<filename>index.html</filename>
			<filename>mdcontact.php</filename>
			<filename>script.mdcontact.php</filename>
			<filename>toolbar.php</filename>
		</files>

		<!-- Back-end translation files -->
		<languages folder="language/backend">
			<language tag="en-GB">en-GB/en-GB.com_mdcontact.ini</language>
			<language tag="en-GB">en-GB/en-GB.com_mdcontact.sys.ini</language>
		</languages>

	</administration>

	<!-- Installation / uninstallation script file -->
	<scriptfile>script.mdcontact.php</scriptfile>

	<!-- Update servers -->
	<updateservers>
		<server type="extension" priority="1" name="mdcontact"><![CDATA[http://localhost/md-web/index.php?option=com_ars&view=update&task=stream&format=xml&id=1&dummy=extension.xml]]></server>
	</updateservers>
</extension>